{"count":1,"gauges":{},"self":28.2089568,"total":28.6189635,"children":{"AgentResetIfDone":{"count":1414,"self":0.0082373,"total":0.0082373,"children":null},"AgentSendState":{"count":1414,"self":0.17158589999999999,"total":0.3188312,"children":{"CollectObservations":{"count":45248,"self":0.1472453,"total":0.1472453,"children":null}}},"DecideAction":{"count":1414,"self":0.08190879999999999,"total":0.08190879999999999,"children":null}}}